{"cameraMode":{"drawMode":0,"name":"Shaded","section":"Shading Mode"},"sceneLighting":false,"audioPlay":false,"sceneViewState":{"showFog":true,"showMaterialUpdate":false,"showSkybox":true,"showFlares":true,"showImageEffects":true,"showParticleSystems":true},"in2DMode":false,"pivot":{"x":1.5593276023864747,"y":-0.8350684642791748,"z":6.037614345550537},"rotation":{"x":0.10285074263811112,"y":0.8650350570678711,"z":-0.19798405468463899,"w":0.4493755102157593},"size":4.779448509216309,"orthographic":false}