{"cameraMode":{"drawMode":0,"name":"Shaded","section":"Shading Mode"},"sceneLighting":false,"audioPlay":false,"sceneViewState":{"showFog":true,"showMaterialUpdate":false,"showSkybox":true,"showFlares":true,"showImageEffects":true,"showParticleSystems":true},"in2DMode":false,"pivot":{"x":1.1920928955078126e-7,"y":0.6336727142333984,"z":-0.21189895272254945},"rotation":{"x":0.2695874869823456,"y":0.01527722179889679,"z":-0.004276784136891365,"w":0.9628452658653259},"size":2.9418163299560549,"orthographic":false}