{"cameraMode":{"drawMode":0,"name":"Shaded","section":"Shading Mode"},"sceneLighting":false,"audioPlay":false,"sceneViewState":{"showFog":true,"showMaterialUpdate":false,"showSkybox":true,"showFlares":true,"showImageEffects":true,"showParticleSystems":true},"in2DMode":false,"pivot":{"x":-0.3100000023841858,"y":-0.10000000894069672,"z":6.769999980926514},"rotation":{"x":-0.30725517868995669,"y":-0.0037132157012820246,"z":0.0011990750208497048,"w":-0.9516191482543945},"size":2.8578836917877199,"orthographic":false}